optimizer,weight_decay,learning_rate,worker_id,value
RMSprop,0.0029527134878696453,1.480510371973113e-06,0,0.1428571428571428
SGD,0.012962593884789587,2.6737290192971144e-06,0,0.1428571428571428
SGD,0.02227013100110008,1.954959853042296e-06,1,0.07482993197278912
Adam,0.015326215774491649,7.523176817240329e-07,1,0.1428571428571428
