optimizer,weight_decay,learning_rate,worker_id,value
RMSprop,0.00014774886106885991,5.762001301012265e-06,1,0.1428571428571428
RMSprop,0.00029739407432743557,1.2387865625565219e-06,1,0.1428571428571428
RMSprop,0.00027156385715493525,2.1154530591105683e-06,0,0.1428571428571428
RMSprop,0.0016666522533657954,4.648695027298826e-07,0,0.1428571428571428
