optimizer,weight_decay,learning_rate,worker_id,value
SGD,0.020892347311734047,3.4722760860520766e-07,0,0.07482993197278913
RMSprop,0.0001983594447281459,1.329122307006713e-06,0,0.1428571428571428
Adam,0.00030238417060408793,3.7617520347549393e-06,1,0.1428571428571428
RMSprop,0.0560467627843438,7.643195253422718e-06,1,0.13605442176870744
